<?xml version="1.0" encoding="UTF-8"?>
<build-type xmlns:xsi="http://www.w3.org/2001/XMLSchema-instance" uuid="454bccf2-a104-4332-8e29-f18b5f0ae20a" xsi:noNamespaceSchemaLocation="https://www.jetbrains.com/teamcity/schemas/2020.1/project-config.xsd">
  <name>Compile UnrealHeaderTool</name>
  <description />
  <settings>
    <options>
      <option name="showDependenciesChanges" value="true" />
    </options>
    <disabled-settings>
      <setting-ref ref="BUILD_EXT_1" />
    </disabled-settings>
    <parameters />
    <build-runners>
      <runner id="RUNNER_14" name="Update Git Dependencies" type="MyGame_UnrealGitDependenciesUpdate">
        <parameters>
          <param name="system.run_only_once" value="false" />
          <param name="teamcity.step.mode" value="default" />
        </parameters>
      </runner>
      <runner id="RUNNER_11" name="Build UBT+UAT" type="UATRunnerType">
        <parameters>
          <param name="Arg_EnginePath" value="%env.unreal.engine.dir%" />
          <param name="CmdPreset_Build.Arg_ClientConfig" value="Debug" />
          <param name="CmdPreset_Custom.Arg_Custom_Command" value="-help" />
          <param name="PRESET" value="CmdPreset_Custom" />
          <param name="teamcity.step.mode" value="default" />
        </parameters>
      </runner>
      <runner id="RUNNER_10" name="Build UHT" type="UBTRunnerType">
        <parameters>
          <param name="Arg_BuildConfiguration" value="Development" />
          <param name="Arg_BuildTarget" value="UnrealHeaderTool" />
          <param name="Arg_EnginePath" value="%env.unreal.engine.dir%" />
          <param name="Arg_NoBuildUHT" value="true" />
          <param name="Arg_NoHotReload" value="true" />
          <param name="Arg_NoUBTMakefiles" value="true" />
          <param name="Arg_Platform.Win64" value="true" />
          <param name="publishManifestFiles" value="yes_zip" />
          <param name="teamcity.step.mode" value="default" />
        </parameters>
      </runner>
    </build-runners>
    <vcs-settings>
      <vcs-entry-ref root-id="MyGame_EpicGit" />
    </vcs-settings>
    <requirements>
      <exists id="RQ_2" name="teamcity.tool.vs_buildtools" />
    </requirements>
    <build-triggers />
    <build-extensions>
      <extension id="BUILD_EXT_1" type="PublishUBTArtifacts">
        <parameters>
          <param name="enginePath" value="%env.unreal.engine.dir%" />
          <param name="manifestPath" value="C:\BuildAgent\work\271dc939a0901ee2\Engine\Intermediate\Build\Manifest.xml" />
        </parameters>
      </extension>
    </build-extensions>
    <cleanup />
  </settings>
</build-type>

