<?xml version="1.0" encoding="UTF-8"?>
<build-type xmlns:xsi="http://www.w3.org/2001/XMLSchema-instance" uuid="645771dc-c855-43ea-b339-6a0e9bd27e33" xsi:noNamespaceSchemaLocation="https://www.jetbrains.com/teamcity/schemas/2020.1/project-config.xsd">
  <name>Cook Server</name>
  <description />
  <settings>
    <parameters />
    <build-runners>
      <runner id="RUNNER_5" name="" type="UATRunnerType">
        <parameters>
          <param name="Arg_Compile" value="true" />
          <param name="Arg_EnginePath" value="%env.unreal.engine.dir%" />
          <param name="Arg_UProjectFile" value="%env.unreal.project.file%" />
          <param name="PRESET" value="UATPreset_Cook" />
          <param name="UATPreset_Build.Arg_ClientConfig" value="Debug" />
          <param name="UATPreset_Cook.Arg_CookAll" value="true" />
          <param name="UATPreset_Cook.Arg_DedicatedServer" value="true" />
          <param name="UATPreset_Cook.Arg_FastCook" value="true" />
          <param name="UATPreset_Cook.Arg_ServerTargetPlatform.Win64" value="true" />
          <param name="teamcity.step.mode" value="default" />
        </parameters>
      </runner>
    </build-runners>
    <vcs-settings />
    <requirements />
    <build-triggers />
    <dependencies>
      <depend-on sourceBuildTypeId="MyGame_Windows_CompileEditor">
        <options>
          <option name="run-build-on-the-same-agent" value="true" />
          <option name="take-started-build-with-same-revisions" value="true" />
          <option name="take-successful-builds-only" value="true" />
        </options>
      </depend-on>
    </dependencies>
    <cleanup />
  </settings>
</build-type>

