<?xml version="1.0" encoding="UTF-8"?>
<build-type xmlns:xsi="http://www.w3.org/2001/XMLSchema-instance" uuid="bf022c90-68bc-4b83-883c-8b2bc75b5e86" xsi:noNamespaceSchemaLocation="https://www.jetbrains.com/teamcity/schemas/2020.1/project-config.xsd">
  <name>Stage Server</name>
  <description />
  <settings>
    <parameters />
    <build-runners>
      <runner id="RUNNER_6" name="" type="UATRunnerType">
        <parameters>
          <param name="Arg_Compile" value="true" />
          <param name="Arg_EnginePath" value="%env.unreal.engine.dir%" />
          <param name="Arg_UProjectFile" value="%env.unreal.project.file%" />
          <param name="PRESET" value="UATPreset_Stage" />
          <param name="UATPreset_Build.Arg_ClientConfig" value="Debug" />
          <param name="UATPreset_Stage.Arg_DedicatedServer" value="true" />
          <param name="UATPreset_Stage.Arg_Pak" value="true" />
          <param name="teamcity.step.mode" value="default" />
        </parameters>
      </runner>
    </build-runners>
    <vcs-settings />
    <requirements />
    <build-triggers />
    <dependencies>
      <depend-on sourceBuildTypeId="MyGame_Windows_CompileClient">
        <options>
          <option name="run-build-if-dependency-failed" value="RUN_ADD_PROBLEM" />
          <option name="take-started-build-with-same-revisions" value="true" />
          <option name="take-successful-builds-only" value="true" />
        </options>
      </depend-on>
      <depend-on sourceBuildTypeId="MyGame_Windows_CookClient">
        <options>
          <option name="run-build-if-dependency-failed" value="RUN_ADD_PROBLEM" />
          <option name="take-started-build-with-same-revisions" value="true" />
          <option name="take-successful-builds-only" value="true" />
        </options>
      </depend-on>
    </dependencies>
    <cleanup />
  </settings>
</build-type>

