<?xml version="1.0" encoding="UTF-8"?>
<build-type xmlns:xsi="http://www.w3.org/2001/XMLSchema-instance" uuid="39206ce8-4a3f-4363-9aeb-3274be4215cc" xsi:noNamespaceSchemaLocation="https://www.jetbrains.com/teamcity/schemas/2020.1/project-config.xsd">
  <name>Cook Client</name>
  <description />
  <settings>
    <options>
      <option name="artifactRules" value="+:Engine/Saved/Cooked/**=&gt;Engine/Saved/Cooked&#xA;+:%env.unreal.project.dir%/Saved/Cooked/**=&gt;%env.unreal.project.dir%/Saved/Cooked" />
    </options>
    <parameters />
    <build-runners>
      <runner id="RUNNER_12" name="Update Git Dependencies" type="MyGame_UnrealGitDependenciesUpdate">
        <parameters>
          <param name="system.run_only_once" value="false" />
          <param name="teamcity.step.mode" value="default" />
        </parameters>
      </runner>
      <runner id="RUNNER_9" name="Cook" type="UEdConstants">
        <parameters>
          <param name="Arg_EnginePath" value="%env.unreal.engine.dir%" />
          <param name="PRESET" value="Preset_Cook" />
          <param name="Preset_Cook.Arg_CookPlatform.WindowsNoEditor" value="true" />
          <param name="Preset_Cook.Arg_UProjectFile" value="%env.unreal.project.file%" />
          <param name="teamcity.step.mode" value="default" />
        </parameters>
      </runner>
    </build-runners>
    <vcs-settings>
      <vcs-entry-ref root-id="MyGame_EpicGit" />
      <vcs-entry-ref root-id="MyGame_GASDocumentation">
        <checkout-rule rule="+:. =&gt; %env.unreal.project.dir%" />
      </vcs-entry-ref>
    </vcs-settings>
    <requirements />
    <build-triggers />
    <artifact-dependencies>
      <dependency id="ARTIFACT_DEPENDENCY_1" sourceBuildTypeId="MyGame_Windows_CompileEditor" cleanDestination="false">
        <revisionRule name="sameChainOrLastFinished" revision="latest.sameChainOrLastFinished" />
        <artifact sourcePath="UBT_*.zip!**" />
      </dependency>
    </artifact-dependencies>
    <dependencies>
      <depend-on sourceBuildTypeId="MyGame_Windows_CompileEditor">
        <options>
          <option name="run-build-on-the-same-agent" value="true" />
          <option name="sync-revisions" value="false" />
          <option name="take-started-build-with-same-revisions" value="true" />
          <option name="take-successful-builds-only" value="true" />
        </options>
      </depend-on>
    </dependencies>
    <cleanup />
  </settings>
</build-type>

