<?xml version="1.0" encoding="UTF-8"?>
<build-type xmlns:xsi="http://www.w3.org/2001/XMLSchema-instance" uuid="1522b0ef-a563-4df6-9a22-6ce945bd9f54" xsi:noNamespaceSchemaLocation="https://www.jetbrains.com/teamcity/schemas/2020.1/project-config.xsd">
  <name>Test Performance</name>
  <description />
  <settings>
    <options>
      <option name="artifactRules" value="+:%teamcity.agent.work.dir%" />
    </options>
    <parameters />
    <build-runners>
      <runner id="RUNNER_7" name="Run Gauntlet" type="simpleRunner">
        <parameters>
          <param name="script.content" value="C:\Unreal\SourceEngines\GitHub-Skylonxe\Engine\Build\BatchFiles\RunUAT.bat RunUnreal -project=D:\Unreal\Projects\TemplateFunTest\TemplateFunTest.uproject -platform=Win64 -configuration=Development -test=MyFirstTest -build=D:\Unreal\Projects\TemplateFunTest\Saved\StagedBuilds -uploaddir=%teamcity.agent.work.dir% -map=Untitled" />
          <param name="teamcity.step.mode" value="default" />
          <param name="use.custom.script" value="true" />
        </parameters>
      </runner>
    </build-runners>
    <vcs-settings />
    <requirements />
    <build-triggers />
    <dependencies>
      <depend-on sourceBuildTypeId="MyGame_Windows_StageClient">
        <options>
          <option name="run-build-if-dependency-failed" value="RUN_ADD_PROBLEM" />
          <option name="take-started-build-with-same-revisions" value="true" />
          <option name="take-successful-builds-only" value="true" />
        </options>
      </depend-on>
    </dependencies>
    <cleanup />
  </settings>
</build-type>

