<?xml version="1.0" encoding="UTF-8"?>
<build-type xmlns:xsi="http://www.w3.org/2001/XMLSchema-instance" uuid="f90bd012-53d9-41f8-af52-e0dcc2aed691" xsi:noNamespaceSchemaLocation="https://www.jetbrains.com/teamcity/schemas/2020.1/project-config.xsd">
  <name>Compile Server</name>
  <description />
  <settings>
    <parameters />
    <build-runners>
      <runner id="RUNNER_4" name="Compile Server" type="simpleRunner">
        <parameters>
          <param name="script.content" value="C:\Unreal\SourceEngines\GitHub-Skylonxe\Engine\Build\BatchFiles\RunUAT.bat BuildGraph -Script=C:\Unreal\SourceEngines\GitHub-Skylonxe\Engine\Build\Graph\Examples\CompileGame.xml -Target=&quot;Compile Game&quot; -set:GameTarget=&quot;TemplateFunTestServer&quot; -set:Project=D:\Unreal\Projects\TemplateFunTest\TemplateFunTest.uproject" />
          <param name="teamcity.step.mode" value="default" />
          <param name="use.custom.script" value="true" />
        </parameters>
      </runner>
    </build-runners>
    <vcs-settings />
    <requirements />
    <build-triggers />
    <dependencies>
      <depend-on sourceBuildTypeId="MyGame_Windows_CompileUnrealHeaderTool">
        <options>
          <option name="take-started-build-with-same-revisions" value="true" />
          <option name="take-successful-builds-only" value="true" />
        </options>
      </depend-on>
    </dependencies>
    <cleanup />
  </settings>
</build-type>

