<?xml version="1.0" encoding="UTF-8"?>
<build-type xmlns:xsi="http://www.w3.org/2001/XMLSchema-instance" uuid="9824b7c8-b9fd-4950-a208-ea92f97c6ee7" xsi:noNamespaceSchemaLocation="https://www.jetbrains.com/teamcity/schemas/2020.1/project-config.xsd">
  <name>Compile Game (Full)</name>
  <description />
  <settings>
    <options>
      <option name="checkoutDirectory" value="%teamcity.project.id%_App" />
    </options>
    <parameters>
      <param name="unreal.build.gameconfig" value="Shipping" spec="select data_5='Test' display='normal' label='Unreal Game Build Config' data_2='DebugGame' data_1='Debug' data_4='Shipping' data_3='Development'" />
    </parameters>
    <build-runners>
      <runner id="RUNNER_28" name="Update Git Dependencies" type="GitDependenciesRunnerType">
        <parameters>
          <param name="Arg_EnginePath" value="%env.unreal.engine.dir%" />
          <param name="ignore_file"><![CDATA[/**/Content/**
/**/Documentation/**
/**/Extras/**
/FeaturePacks/**
/Samples/**
/Templates/**]]></param>
          <param name="teamcity.step.mode" value="default" />
        </parameters>
      </runner>
      <runner id="RUNNER_19" name="Build UBT+UAT" type="UATRunnerType">
        <parameters>
          <param name="Arg_EnginePath" value="%env.unreal.engine.dir%" />
          <param name="CmdPreset_Build.Arg_ClientConfig" value="Debug" />
          <param name="CmdPreset_Custom.Arg_Custom_Command" value="-help" />
          <param name="PRESET" value="CmdPreset_Custom" />
          <param name="teamcity.step.mode" value="default" />
        </parameters>
      </runner>
      <runner id="RUNNER_20" name="Build Game" type="UBTRunnerType">
        <parameters>
          <param name="Arg_BuildConfiguration" value="%unreal.build.gameconfig%" />
          <param name="Arg_BuildTarget" value="GASDocumentation+GASDocumentationClient+GASDocumentationServer" />
          <param name="Arg_EnginePath" value="%env.unreal.engine.dir%" />
          <param name="Arg_NoBuildUHT" value="true" />
          <param name="Arg_NoHotReload" value="true" />
          <param name="Arg_NoUBTMakefiles" value="true" />
          <param name="Arg_Platform.Win64" value="true" />
          <param name="publishManifestFiles" value="yes_zip" />
          <param name="teamcity.step.mode" value="default" />
        </parameters>
      </runner>
    </build-runners>
    <vcs-settings>
      <vcs-entry-ref root-id="MyGame_EpicGit">
        <checkout-rule rule="-:Engine/Content" />
        <checkout-rule rule="-:Engine/Documentation" />
        <checkout-rule rule="-:FeaturePacks" />
        <checkout-rule rule="-:Engine/Extras" />
        <checkout-rule rule="-:Samples" />
        <checkout-rule rule="-:Templates" />
      </vcs-entry-ref>
      <vcs-entry-ref root-id="MyGame_GASDocumentation">
        <checkout-rule rule="-:Content" />
        <checkout-rule rule="-:Documentation" />
        <checkout-rule rule="-:Extras" />
        <checkout-rule rule="+:. =&gt; %env.unreal.project.dir%" />
      </vcs-entry-ref>
    </vcs-settings>
    <requirements />
    <build-triggers />
    <artifact-dependencies>
      <dependency id="ARTIFACT_DEPENDENCY_3" sourceBuildTypeId="MyGame_Windows_CompileUnrealHeaderTool" cleanDestination="false">
        <revisionRule name="sameChainOrLastFinished" revision="latest.sameChainOrLastFinished" />
        <artifact sourcePath="UBT_*.zip!**" />
      </dependency>
    </artifact-dependencies>
    <dependencies>
      <depend-on sourceBuildTypeId="MyGame_Windows_CompileUnrealHeaderTool">
        <options>
          <option name="take-started-build-with-same-revisions" value="true" />
          <option name="take-successful-builds-only" value="true" />
        </options>
      </depend-on>
    </dependencies>
    <cleanup />
  </settings>
</build-type>

