<?xml version="1.0" encoding="UTF-8"?>
<build-type xmlns:xsi="http://www.w3.org/2001/XMLSchema-instance" uuid="d608c099-df43-40f1-bdce-c9391b854562" xsi:noNamespaceSchemaLocation="https://www.jetbrains.com/teamcity/schemas/2020.1/project-config.xsd">
  <name>Compile Editor</name>
  <description />
  <settings>
    <options>
      <option name="checkoutDirectory" value="%teamcity.project.id%_Ed_%unreal.build.editorconfig%" />
    </options>
    <disabled-settings>
      <setting-ref ref="BUILD_EXT_2" />
      <setting-ref ref="RUNNER_4" />
    </disabled-settings>
    <parameters>
      <param name="unreal.build.editorconfig" value="Development" spec="select display='normal' label='Unreal Editor Build Config' data_2='DebugGame' data_1='Debug' data_3='Development'" />
    </parameters>
    <build-runners>
      <runner id="RUNNER_29" name="Update Git Dependencies" type="GitDependenciesRunnerType">
        <parameters>
          <param name="Arg_EnginePath" value="%env.unreal.engine.dir%" />
          <param name="ignore_file"><![CDATA[/**/Content/**
/**/Documentation/**
/**/Extras/**
/FeaturePacks/**
/Samples/**
/Templates/**]]></param>
          <param name="teamcity.step.mode" value="default" />
        </parameters>
      </runner>
      <runner id="RUNNER_4" name="Compile Editor" type="UATRunnerType">
        <parameters>
          <param name="Arg_EnginePath" value="%env.unreal.engine.dir%" />
          <param name="PRESET" value="UATPreset_BuildGraph" />
          <param name="UATPreset_Build.Arg_ClientConfig" value="Debug" />
          <param name="UATPreset_BuildGraph.Arg_BuildGraph_Options"><![CDATA[EditorTarget=TeamCityTestEditor
Project=%env.unreal.project.file%]]></param>
          <param name="UATPreset_BuildGraph.Arg_BuildGraph_Script" value="C:\BuildAgent\work\271dc939a0901ee2\Engine\Build\Graph\Examples\CompileEditor.xml" />
          <param name="UATPreset_BuildGraph.Arg_BuildGraph_Target" value="Compile Editor" />
          <param name="teamcity.step.mode" value="default" />
        </parameters>
      </runner>
      <runner id="RUNNER_18" name="Build UBT+UAT" type="UATRunnerType">
        <parameters>
          <param name="Arg_EnginePath" value="%env.unreal.engine.dir%" />
          <param name="CmdPreset_Build.Arg_ClientConfig" value="Debug" />
          <param name="CmdPreset_Custom.Arg_Custom_Command" value="-help" />
          <param name="PRESET" value="CmdPreset_Custom" />
          <param name="teamcity.step.mode" value="default" />
        </parameters>
      </runner>
      <runner id="RUNNER_17" name="Build ShaderCompileWorker" type="UBTRunnerType">
        <parameters>
          <param name="Arg_BuildConfiguration" value="%unreal.build.editorconfig%" />
          <param name="Arg_BuildTarget" value="ShaderCompileWorker" />
          <param name="Arg_EnginePath" value="%env.unreal.engine.dir%" />
          <param name="Arg_NoBuildUHT" value="true" />
          <param name="Arg_NoHotReload" value="true" />
          <param name="Arg_NoUBTMakefiles" value="true" />
          <param name="Arg_Platform.Win64" value="true" />
          <param name="publishManifestFiles" value="yes_zip" />
          <param name="teamcity.step.mode" value="default" />
        </parameters>
      </runner>
      <runner id="RUNNER_8" name="Build Editor" type="UBTRunnerType">
        <parameters>
          <param name="Arg_BuildConfiguration" value="%unreal.build.editorconfig%" />
          <param name="Arg_BuildTarget" value="GASDocumentationEditor" />
          <param name="Arg_EnginePath" value="%env.unreal.engine.dir%" />
          <param name="Arg_NoBuildUHT" value="true" />
          <param name="Arg_NoHotReload" value="true" />
          <param name="Arg_NoUBTMakefiles" value="true" />
          <param name="Arg_Platform.Win64" value="true" />
          <param name="publishManifestFiles" value="yes_zip" />
          <param name="teamcity.step.mode" value="default" />
        </parameters>
      </runner>
    </build-runners>
    <vcs-settings>
      <vcs-entry-ref root-id="MyGame_EpicGit">
        <checkout-rule rule="-:Engine/Content" />
        <checkout-rule rule="-:Engine/Documentation" />
        <checkout-rule rule="-:FeaturePacks" />
        <checkout-rule rule="-:Engine/Extras" />
        <checkout-rule rule="-:Samples" />
        <checkout-rule rule="-:Templates" />
      </vcs-entry-ref>
      <vcs-entry-ref root-id="MyGame_GASDocumentation">
        <checkout-rule rule="-:Content" />
        <checkout-rule rule="-:Documentation" />
        <checkout-rule rule="-:Extras" />
        <checkout-rule rule="+:. =&gt; %env.unreal.project.dir%" />
      </vcs-entry-ref>
    </vcs-settings>
    <requirements />
    <build-triggers />
    <build-extensions>
      <extension id="BUILD_EXT_2" type="PublishUBTArtifacts">
        <parameters>
          <param name="enginePath" value="%env.unreal.engine.dir%" />
          <param name="manifestPath" value="C:\BuildAgent\work\XXX\Engine\Intermediate\Build\Manifest.xml" />
        </parameters>
      </extension>
    </build-extensions>
    <artifact-dependencies>
      <dependency id="ARTIFACT_DEPENDENCY_2" sourceBuildTypeId="MyGame_Windows_CompileUnrealHeaderTool" cleanDestination="false">
        <revisionRule name="sameChainOrLastFinished" revision="latest.sameChainOrLastFinished" />
        <artifact sourcePath="UBT_*.zip!**" />
      </dependency>
    </artifact-dependencies>
    <dependencies>
      <depend-on sourceBuildTypeId="MyGame_Windows_CompileUnrealHeaderTool">
        <options>
          <option name="run-build-if-dependency-failed" value="RUN_ADD_PROBLEM" />
          <option name="take-started-build-with-same-revisions" value="true" />
          <option name="take-successful-builds-only" value="true" />
        </options>
      </depend-on>
    </dependencies>
    <cleanup />
  </settings>
</build-type>

