<?xml version="1.0" encoding="UTF-8"?>
<build-type xmlns:xsi="http://www.w3.org/2001/XMLSchema-instance" uuid="a91b569e-3a18-4d3d-b8b1-7f401ea77614" xsi:noNamespaceSchemaLocation="https://www.jetbrains.com/teamcity/schemas/2020.1/project-config.xsd">
  <name>Stage Game (Full)</name>
  <description />
  <settings>
    <options>
      <option name="artifactRules" value="+:%env.unreal.project.dir%/Saved/StagedBuilds/** =&gt; StagedBuild.zip" />
      <option name="checkoutDirectory" value="%teamcity.project.id%_App" />
    </options>
    <parameters>
      <param name="reverse.dep.*.unreal.build.editorconfig" value="Development" spec="select display='normal' label='Unreal Editor Build Config' data_2='DebugGame' data_1='Debug' data_3='Development'" />
      <param name="reverse.dep.*.unreal.build.gameconfig" value="Shipping" spec="select data_5='Test' display='normal' label='Unreal Game Build Config' data_2='DebugGame' data_1='Debug' data_4='Shipping' data_3='Development'" />
    </parameters>
    <build-runners>
      <runner id="RUNNER_32" name="Update Git Dependencies" type="GitDependenciesRunnerType">
        <parameters>
          <param name="Arg_EnginePath" value="%env.unreal.engine.dir%" />
          <param name="ignore_file"><![CDATA[/**/Content/**
/**/Documentation/**
/**/Extras/**
/FeaturePacks/**
/Samples/**
/Templates/**]]></param>
          <param name="teamcity.step.mode" value="default" />
        </parameters>
      </runner>
      <runner id="RUNNER_21" name="UAT Staging" type="UATRunnerType">
        <parameters>
          <param name="Arg_EnginePath" value="%env.unreal.engine.dir%" />
          <param name="CmdPreset_Build.Arg_ClientConfig" value="Debug" />
          <param name="CmdPreset_Build.Arg_ServerConfig" value="Debug" />
          <param name="CmdPreset_Custom.Arg_Custom_Command" value="BuildCookRun -project=GASDocumentation\GASDocumentation.uproject -skipcook -stage -project=&quot;GASDocumentation\GASDocumentation.uproject&quot;" />
          <param name="CmdPreset_Stage.Arg_UProjectFile" value="%env.unreal.project.file%" />
          <param name="CmdPreset_Stage.MetaArg_AutoDeduceTargetToStage" value="true" />
          <param name="PRESET" value="CmdPreset_Stage" />
          <param name="teamcity.step.mode" value="default" />
        </parameters>
      </runner>
    </build-runners>
    <vcs-settings>
      <vcs-entry-ref root-id="MyGame_EpicGit" />
      <vcs-entry-ref root-id="MyGame_GASDocumentation">
        <checkout-rule rule="+:. =&gt; %env.unreal.project.dir%" />
      </vcs-entry-ref>
    </vcs-settings>
    <requirements />
    <build-triggers />
    <artifact-dependencies>
      <dependency id="ARTIFACT_DEPENDENCY_4" sourceBuildTypeId="MyGame_Windows_CompileClient" cleanDestination="false">
        <revisionRule name="sameChainOrLastFinished" revision="latest.sameChainOrLastFinished" />
        <artifact sourcePath="UBT_*.zip!**" />
      </dependency>
      <dependency id="ARTIFACT_DEPENDENCY_5" sourceBuildTypeId="MyGame_Windows_CookClient" cleanDestination="false">
        <revisionRule name="sameChainOrLastFinished" revision="latest.sameChainOrLastFinished" />
        <artifact sourcePath="+:**" />
      </dependency>
    </artifact-dependencies>
    <dependencies>
      <depend-on sourceBuildTypeId="MyGame_Windows_CompileClient">
        <options>
          <option name="run-build-if-dependency-failed" value="RUN_ADD_PROBLEM" />
          <option name="take-started-build-with-same-revisions" value="true" />
          <option name="take-successful-builds-only" value="true" />
        </options>
      </depend-on>
      <depend-on sourceBuildTypeId="MyGame_Windows_CookClient">
        <options>
          <option name="run-build-if-dependency-failed" value="RUN_ADD_PROBLEM" />
          <option name="take-started-build-with-same-revisions" value="true" />
          <option name="take-successful-builds-only" value="true" />
        </options>
      </depend-on>
    </dependencies>
    <cleanup />
  </settings>
</build-type>

