<?xml version="1.0" encoding="UTF-8"?>
<build-type xmlns:xsi="http://www.w3.org/2001/XMLSchema-instance" uuid="68922f12-3ba8-4b3c-84bd-15208e3ff3ef" xsi:noNamespaceSchemaLocation="https://www.jetbrains.com/teamcity/schemas/2020.1/project-config.xsd">
  <name>Package Game (Full)</name>
  <description />
  <settings>
    <options>
      <option name="checkoutDirectory" value="%teamcity.project.id%_App" />
    </options>
    <parameters />
    <build-runners>
      <runner id="RUNNER_33" name="Update Git Dependencies" type="GitDependenciesRunnerType">
        <parameters>
          <param name="Arg_EnginePath" value="%env.unreal.engine.dir%" />
          <param name="ignore_file"><![CDATA[/**/Content/**
/**/Documentation/**
/**/Extras/**
/FeaturePacks/**
/Samples/**
/Templates/**]]></param>
          <param name="teamcity.step.mode" value="default" />
        </parameters>
      </runner>
      <runner id="RUNNER_24" name="Package" type="UATRunnerType">
        <parameters>
          <param name="Arg_EnginePath" value="%env.unreal.engine.dir%" />
          <param name="CmdPreset_Build.Arg_ClientConfig" value="Debug" />
          <param name="CmdPreset_Package.Arg_UProjectFile" value="%env.unreal.project.file%" />
          <param name="PRESET" value="CmdPreset_Package" />
          <param name="teamcity.step.mode" value="default" />
        </parameters>
      </runner>
    </build-runners>
    <vcs-settings>
      <vcs-entry-ref root-id="MyGame_EpicGit" />
      <vcs-entry-ref root-id="MyGame_GASDocumentation">
        <checkout-rule rule="+:. =&gt; %env.unreal.project.dir%" />
      </vcs-entry-ref>
    </vcs-settings>
    <requirements />
    <build-triggers />
    <artifact-dependencies>
      <dependency id="ARTIFACT_DEPENDENCY_6" sourceBuildTypeId="MyGame_Windows_StageClient" cleanDestination="false">
        <revisionRule name="sameChainOrLastFinished" revision="latest.sameChainOrLastFinished" />
        <artifact sourcePath="+:StagedBuild.zip =&gt; %env.unreal.project.dir%/Saved/StagedBuilds" />
      </dependency>
    </artifact-dependencies>
    <dependencies>
      <depend-on sourceBuildTypeId="MyGame_Windows_StageClient">
        <options>
          <option name="run-build-if-dependency-failed" value="RUN_ADD_PROBLEM" />
          <option name="run-build-on-the-same-agent" value="true" />
          <option name="take-started-build-with-same-revisions" value="true" />
          <option name="take-successful-builds-only" value="true" />
        </options>
      </depend-on>
    </dependencies>
    <cleanup />
  </settings>
</build-type>

