<meta-runner name="Unreal Git Dependencies Update">
  <description>Downloads git dependency files for the Unreal Engine. Similar to running Unreal's Setup.bat manually.</description>
  <settings>
    <parameters>
      <param name="system.run_only_once" value="false" spec="checkbox uncheckedValue='false' display='normal' checkedValue='true' description='If enabled, quickly checks for single dependency file to determine whether depedencies were already installed before. If yes, skips the depedency checking. Useful when actual dependency checking can be too slow (e.g. because of the slow drive). If you migrate to different engine version which requires different dependencies it might be necessary for you to disable this and let depedencies fully update.' label='Run only once'" />
    </parameters>
    <build-runners>
      <runner name="GitDependencies" type="simpleRunner">
        <parameters>
          <param name="script.content"><![CDATA[@echo off

if "%system.run_only_once%" == "true" (
	if exist "Engine\Binaries\DotNET\Ionic.Zip.Reduced.dll" (
		goto NoUpdateNeeded:
	)
)

Engine\Binaries\DotNET\GitDependencies.exe
exit /B 0

:NoUpdateNeeded
echo Unreal Git dependencies update is ommited because it is configured to download dependencies only once and it already happened in the past.
exit /B 0]]></param>
          <param name="teamcity.build.workingDir" value="%env.unreal.engine.dir%" />
          <param name="teamcity.step.mode" value="default" />
          <param name="use.custom.script" value="true" />
        </parameters>
      </runner>
    </build-runners>
    <requirements />
  </settings>
</meta-runner>