<?xml version="1.0" encoding="UTF-8"?>
<project xmlns:xsi="http://www.w3.org/2001/XMLSchema-instance" uuid="e9925b3c-d5f0-4ec2-8207-b7e40ce3f372" xsi:noNamespaceSchemaLocation="https://www.jetbrains.com/teamcity/schemas/2020.1/project-config.xsd">
  <name>MyGame</name>
  <parameters>
    <param name="env.unreal.engine.dir" value="" spec="text display='normal' description='Place where engine is located. Engine folder is usually placed in this folder.' label='Unreal Engine Root Directory' validationMode='any'" />
    <param name="env.unreal.project.dir" value="GASDocumentation" spec="text display='normal' description='Place where your project is located.' label='Unreal Project Root Directory' validationMode='any'" />
    <param name="env.unreal.project.file" value="GASDocumentation\GASDocumentation.uproject" spec="text display='normal' description='Path to the project|'s .uproject file.' label='.uproject File Path' validationMode='any'" />
  </parameters>
  <project-extensions>
    <extension id="PROJECT_EXT_10" type="project-graphs">
      <parameters>
        <param name="defaultFilters" value="" />
        <param name="format" value="text" />
        <param name="hideFilters" value="" />
        <param name="series"><![CDATA[[
  {
    "type": "valueType",
    "title": "Entire Run | Frametime Avg",
    "sourceBuildTypeId": "MyGame_Windows_TestPerformance",
    "key": "Entire Run | Frametime Avg"
  },
  {
    "type": "valueType",
    "title": "Entire Run | Frametime Max",
    "sourceBuildTypeId": "MyGame_Windows_TestPerformance",
    "key": "Entire Run | Frametime Max"
  },
  {
    "type": "valueType",
    "title": "Entire Run | GPUtime Avg",
    "sourceBuildTypeId": "MyGame_Windows_TestPerformance",
    "key": "Entire Run | GPUtime Avg"
  },
  {
    "type": "valueType",
    "title": "Entire Run | GameThreadtime Avg",
    "sourceBuildTypeId": "MyGame_Windows_TestPerformance",
    "key": "Entire Run | GameThreadtime Avg"
  }
]]]></param>
        <param name="seriesTitle" value="Serie" />
        <param name="title" value="New chart title" />
      </parameters>
    </extension>
    <extension id="PROJECT_EXT_11" type="OAuthProvider">
      <parameters>
        <param name="clientId" value="f012885fa49e07a16226" />
        <param name="defaultTokenScope" value="public_repo,repo,repo:status,write:repo_hook" />
        <param name="displayName" value="GitHub.com" />
        <param name="gitHubUrl" value="https://github.com/" />
        <param name="providerType" value="GitHub" />
        <param name="secure:clientSecret" value="zxxd106ef700883ef41d6faaa562021ce6a91b2f6b223dabeabc168243044dec797e7a638ae042fde4f775d03cbe80d301b" />
      </parameters>
    </extension>
    <extension id="PROJECT_EXT_4" type="ReportTab">
      <parameters>
        <param name="startPage" value="ProfileResults.html" />
        <param name="title" value="CSV Profile" />
        <param name="type" value="BuildReportTab" />
      </parameters>
    </extension>
    <extension id="PROJECT_EXT_6" type="project-graphs">
      <parameters>
        <param name="format" value="text" />
        <param name="series"><![CDATA[[
  {
    "type": "valueType",
    "title": "Build Duration (all stages)",
    "sourceBuildTypeId": "MyGame_Windows_TestPerformance",
    "key": "BuildDuration"
  }
]]]></param>
        <param name="seriesTitle" value="Serie" />
        <param name="title" value="New chart title" />
      </parameters>
    </extension>
    <extension id="PROJECT_EXT_8" type="project-graphs">
      <parameters>
        <param name="format" value="text" />
        <param name="series"><![CDATA[[
  {
    "type": "valueType",
    "title": "cool parameter",
    "sourceBuildTypeId": "MyGame_Windows_CookClient",
    "key": "cool parameter"
  }
]]]></param>
        <param name="seriesTitle" value="Serie" />
        <param name="title" value="New chart title" />
      </parameters>
    </extension>
    <extension id="PROJECT_EXT_9" type="project-graphs">
      <parameters>
        <param name="format" value="text" />
        <param name="series"><![CDATA[[
  {
    "type": "valueType",
    "title": "gauntlet parameter",
    "sourceBuildTypeId": "MyGame_Windows_TestPerformance",
    "key": "gauntlet parameter"
  }
]]]></param>
        <param name="seriesTitle" value="Serie" />
        <param name="title" value="New chart title" />
      </parameters>
    </extension>
  </project-extensions>
  <cleanup />
</project>

