<root>
  <page path="/overview">
    <usage userId="1" timestamp="1613324043779" />
  </page>
  <page path="/agent/1" />
  <page path="/admin/editProject.html?tab=projectParams" />
  <page path="/agentDetails.html" />
  <page path="/admin/admin.html?tab=metricsTab" />
  <page path="/admin/createObjectFromUrl.html" />
  <page path="/buildConfiguration/MyGame_Windows_CompileUnrealHeaderTool" />
  <page path="/admin/editRunType.html">
    <usage userId="1" timestamp="1612655223948" />
  </page>
  <page path="/admin/admin.html?tab=log4j" />
  <page path="/project/TestProject" />
  <page path="/admin/update.html">
    <usage userId="1" timestamp="1613321624015" />
  </page>
  <page path="/admin/admin.html?tab=dumps" />
  <page path="/admin/createBuildType.html" />
  <page path="/admin/admin.html">
    <usage userId="1" timestamp="1613322293192" />
  </page>
  <page path="/admin/editBuildFeatures.html" />
  <page path="/admin/createProject.html" />
  <page path="/buildConfiguration/TestProject_ConfigA/103" />
  <page path="/agentDetails.html?tab=agentSummary" />
  <page path="/admin/editBuild.html">
    <usage userId="1" timestamp="1612655221474" />
  </page>
  <page path="/profile.html" />
  <page path="/admin/editBuildTypeVcsRoots.html" />
  <page path="/admin/admin.html?tab=cache" />
  <page path="/admin/editVcsRoot.html" />
  <page path="/viewLog.html">
    <usage userId="1" timestamp="1612655594653" />
  </page>
  <page path="/admin/projectHealthStatusItems.html" />
  <page path="/admin/editRequirements.html" />
  <page path="/404.html" />
  <page path="/admin/createObjectMenu.html" />
  <page path="/admin/editDependencies.html" />
  <page path="/projectHealthStatusItems.html" />
  <page path="/admin/admin.html?tab=vcsStatus" />
  <page path="/admin/admin.html?tab=properties" />
  <page path="/admin/editBuildRunners.html">
    <usage userId="1" timestamp="1612655227049" />
  </page>
  <page path="/bsout.html">
    <usage userId="1" timestamp="1613324048658" />
  </page>
  <page path="/admin/editTriggers.html" />
  <page path="/runtimeError.html" />
  <page path="/viewQueued.html" />
  <page path="/admin/editProject.html" />
  <page path="/admin/admin.html?tab=webSocketStatus" />
  <page path="/admin/admin.html?tab=threadDumpsAnalyzer" />
  <page path="/viewType.html">
    <usage userId="1" timestamp="1612655261171" />
  </page>
  <page path="/admin/admin.html?tab=backgroundPersist" />
  <page path="/project.html?tab=projectOverview" />
  <page path="/admin/buildTypeHealthStatusItems.html">
    <usage userId="1" timestamp="1612655227610" />
  </page>
  <page path="/admin/admin.html?tab=dataDir" />
  <page path="/showJsp.html" />
  <page path="/admin/admin.html?tab=logs" />
  <page path="/buildTypeHealthStatusItems.html">
    <usage userId="1" timestamp="1612654383543" />
  </page>
</root>