<?xml version="1.0" encoding="UTF-8"?>
<build-type xmlns:xsi="http://www.w3.org/2001/XMLSchema-instance" uuid="2e30208f-c5cd-423f-b002-638de7c374b0" xsi:noNamespaceSchemaLocation="https://www.jetbrains.com/teamcity/schemas/2020.1/project-config.xsd">
  <name>Package Project [Win64] [Shipping]</name>
  <description />
  <settings>
    <options>
      <option name="buildConfigurationType" value="COMPOSITE" />
      <option name="showDependenciesChanges" value="true" />
    </options>
    <parameters>
      <param name="reverse.dep.*.unreal.build.editorconfig" value="Development" spec="text display='hidden' validationMode='any'" />
      <param name="reverse.dep.*.unreal.build.gameconfig" value="Shipping" spec="text display='hidden' validationMode='any'" />
    </parameters>
    <build-runners />
    <vcs-settings />
    <requirements />
    <build-triggers />
    <artifact-dependencies>
      <dependency id="ARTIFACT_DEPENDENCY_7" sourceBuildTypeId="MyGame_Windows_StageClient" cleanDestination="false">
        <revisionRule name="sameChainOrLastFinished" revision="latest.sameChainOrLastFinished" />
        <artifact sourcePath="+:**" />
      </dependency>
    </artifact-dependencies>
    <dependencies>
      <depend-on sourceBuildTypeId="MyGame_Windows_StageClient">
        <options>
          <option name="run-build-if-dependency-failed" value="RUN_ADD_PROBLEM" />
          <option name="take-started-build-with-same-revisions" value="true" />
          <option name="take-successful-builds-only" value="true" />
        </options>
      </depend-on>
    </dependencies>
    <cleanup />
  </settings>
</build-type>

