<?xml version="1.0" encoding="UTF-8"?>
<project xmlns:xsi="http://www.w3.org/2001/XMLSchema-instance" uuid="97fd2d00-6fd4-4a6a-b236-80eba11b160e" xsi:noNamespaceSchemaLocation="https://www.jetbrains.com/teamcity/schemas/2020.1/project-config.xsd">
  <name>TestProject</name>
  <description>This is some cool description https://www.google.sk/</description>
  <parameters />
  <project-extensions>
    <extension id="PROJECT_EXT_2" type="ReportTab">
      <parameters>
        <param name="startPage" value="ProfileResults.html" />
        <param name="title" value="CSV Report" />
        <param name="type" value="BuildReportTab" />
      </parameters>
    </extension>
    <extension id="PROJECT_EXT_3" type="ReportTab">
      <parameters>
        <param name="buildTypeId" value="TestProject_Report" />
        <param name="revisionRuleName" value="lastSuccessful" />
        <param name="startPage" value="ProfileResults.html" />
        <param name="title" value="Project CSV Report" />
        <param name="type" value="ProjectReportTab" />
      </parameters>
    </extension>
    <extension id="PROJECT_EXT_5" type="project-graphs">
      <parameters>
        <param name="format" value="text" />
        <param name="series"><![CDATA[[
  {
    "type": "valueType",
    "title": "Build Duration (all stages)",
    "sourceBuildTypeId": "TestProject_ConfigA",
    "key": "BuildDuration"
  },
  {
    "type": "valueType",
    "title": "Build Duration (excluding Checkout Time)",
    "sourceBuildTypeId": "TestProject_ConfigA",
    "key": "BuildDurationNetTime"
  }
]]]></param>
        <param name="seriesTitle" value="Serie" />
        <param name="title" value="New chart title" />
      </parameters>
    </extension>
    <extension id="PROJECT_EXT_7" type="project-graphs">
      <parameters>
        <param name="format" value="text" />
        <param name="series"><![CDATA[[
  {
    "type": "valueType",
    "title": "cool parameter",
    "sourceBuildTypeId": "TestProject_ConfigA",
    "key": "cool parameter"
  }
]]]></param>
        <param name="seriesTitle" value="Serie" />
        <param name="title" value="New chart title" />
      </parameters>
    </extension>
  </project-extensions>
  <cleanup />
</project>

