<?xml version="1.0" encoding="UTF-8"?>
<vcs-root xmlns:xsi="http://www.w3.org/2001/XMLSchema-instance" uuid="c0638a6e-3600-4229-bbaa-d960996b1e41" type="jetbrains.git" xsi:noNamespaceSchemaLocation="https://www.jetbrains.com/teamcity/schemas/2020.1/project-config.xsd">
  <name>Epic Git</name>
  <param name="agentCleanFilesPolicy" value="ALL_UNTRACKED" />
  <param name="agentCleanPolicy" value="ON_BRANCH_CHANGE" />
  <param name="authMethod" value="PASSWORD" />
  <param name="branch" value="refs/tags/4.26.1-release" />
  <param name="ignoreKnownHosts" value="true" />
  <param name="secure:password" value="zxx88f33872b94c55a6735b5098213fcdad" />
  <param name="submoduleCheckout" value="CHECKOUT" />
  <param name="url" value="https://github.com/EpicGames/UnrealEngine.git" />
  <param name="useAlternates" value="true" />
  <param name="username" value="Skylonxe" />
  <param name="usernameStyle" value="USERID" />
</vcs-root>

