<?xml version="1.0" encoding="UTF-8"?>
<build-type xmlns:xsi="http://www.w3.org/2001/XMLSchema-instance" uuid="878e382c-2927-439d-b498-0646b5fa1c51" xsi:noNamespaceSchemaLocation="https://www.jetbrains.com/teamcity/schemas/2020.1/project-config.xsd">
  <name>ConfigA</name>
  <description />
  <settings>
    <parameters />
    <build-runners>
      <runner id="RUNNER_1" name="UAT Step" type="UATRunnerType">
        <parameters>
          <param name="Arg_EnginePath" value="%env.unreal.engine.dir%" />
          <param name="Arg_UProjectFile" value="D:\Unreal\Projects\TeamcityTest\TeamcityTest.uproject" />
          <param name="Arg_WarningsAsErrors" value="true" />
          <param name="PRESET" value="UATPreset_Cook" />
          <param name="UATPreset_Build.Arg_ClientConfig" value="Debug" />
          <param name="teamcity.step.mode" value="default" />
        </parameters>
      </runner>
    </build-runners>
    <vcs-settings />
    <requirements />
    <build-triggers />
    <cleanup />
  </settings>
</build-type>

