<?xml version="1.0" encoding="UTF-8"?>
<build-type xmlns:xsi="http://www.w3.org/2001/XMLSchema-instance" uuid="2b3138a7-d37c-4847-a311-e0e7388f4a97" xsi:noNamespaceSchemaLocation="https://www.jetbrains.com/teamcity/schemas/2020.1/project-config.xsd">
  <name>Report</name>
  <description />
  <settings>
    <options>
      <option name="artifactRules" value="%teamcity.agent.work.dir%" />
    </options>
    <parameters />
    <build-runners>
      <runner id="RUNNER_2" name="Run Gauntlet" type="simpleRunner">
        <parameters>
          <param name="script.content" value="C:\Unreal\SourceEngines\GitHub-Skylonxe\Engine\Build\BatchFiles\RunUAT.bat RunUnreal -project=D:\Unreal\Projects\TemplateFunTest\TemplateFunTest.uproject -platform=Win64 -configuration=Development -test=MyFirstTest -build=D:\Unreal\Projects\TemplateFunTest\Saved\StagedBuilds -uploaddir=%teamcity.agent.work.dir% -graphScale=0.5" />
          <param name="teamcity.step.mode" value="default" />
          <param name="use.custom.script" value="true" />
        </parameters>
      </runner>
    </build-runners>
    <vcs-settings />
    <requirements />
    <build-triggers />
    <cleanup />
  </settings>
</build-type>

